epic_number,this_model_class,this_model_probs,DA_model_class,DA_model_probs,period
204558226,DSCUT,0.5483820269274576,DSCUT,0.94808,0.055700714000000005
205170167,DSCUT,0.5391525471009773,DSCUT,0.914655,0.060023535
