epic_number,this_model_class,this_model_probs,DA_model_class,DA_model_probs,period
201873161,Noise,0.9464517158103944,Noise,0.985196,19.75358815
201720674,OTHPER,0.772741521511196,OTHPER,0.992169,13.80191578
201686483,OTHPER,0.976654722633345,OTHPER,0.994418,12.22353091
201908974,Noise,0.5811460422312904,Noise,0.98456,17.7818426
201280924,Noise,0.9783796657013204,Noise,0.987972,20.0
201167905,OTHPER,0.9991833704528581,OTHPER,0.992203,11.0446688
